"Candidate (Last, Suffix First MI)",Source Job,Opportunity Title,Source Job Code,Department Name,Email Address,Primary Phone,Address 1,City,State/Province Code,Zip/Postal Code,Distance (Miles)
"Ashford, Morgan",Staff Nurse RN - R6100,Staff Nurse RN - Days,R6100200,Nursing,morgan.ashford100@example.com,+1 317-555-2100,,Shelbyville,IN,46176,
"Holloway, Taylor",,Housekeeper - Days,R6101201,Environmental Services,taylor.holloway101@example.com,+1 317-555-2101,6953 Walnut St,Greenfield,IN,46140,17.9
"Oakley, Quinn",,Resp Therapist - Days,R6102202,Respiratory,quinn.oakley102@example.com,+1 317-555-2102,8457 Cedar Ave,Greenfield,IN,46140,21.5
"Vance, Harper",Surgery Tech - R6103,Surgery Tech - Days,R6103203,Surgery,harper.vance103@example.com,+1 317-555-2103,9005 Maple Ln,New Palestine,IN,46163,34.8
"Ellison, Rowan",,Resp Therapist - Days,R6104204,Respiratory,rowan.ellison104@example.com,+1 317-555-2104,,Shelbyville,IN,46176,
"Lockhart, Emerson",Housekeeper - R6105,Housekeeper - Days,R6105205,Environmental Services,emerson.lockhart105@example.com,+1 317-555-2105,3451 Maple Ct,Indianapolis,IN,46229,15.9
"Stanwick, Parker",Housekeeper - R6106,Housekeeper - Days,R6106206,Environmental Services,parker.stanwick106@example.com,+1 317-555-2106,1657 Oak Ave,Indianapolis,IN,46229,7.8
"Bellamy, Reese",,Surgery Tech - Days,R6107207,Surgery,reese.bellamy107@example.com,+1 317-555-2107,5964 Walnut Ct,McCordsville,IN,46055,23
"Iverson, Skyler",Staff Nurse RN - R6108,Staff Nurse RN - Days,R6108208,Nursing,skyler.iverson108@example.com,+1 317-555-2108,,McCordsville,IN,46055,
"Pembrook, Dakota",Resp Therapist - R6109,Resp Therapist - Days,R6109209,Respiratory,dakota.pembrook109@example.com,+1 317-555-2109,4485 Birch Ave,Shelbyville,IN,46176,29
"Whitlock, Hayden",,Resp Therapist - Days,R6110210,Respiratory,hayden.whitlock110@example.com,+1 317-555-2110,5072 Maple Ave,McCordsville,IN,46055,29.5
"Fairbanks, Kendall",Resp Therapist - R6111,Resp Therapist - Days,R6111211,Respiratory,kendall.fairbanks111@example.com,+1 317-555-2111,4953 Oak Ln,Greenfield,IN,46140,13.9
"Merriweather, Logan",Surgery Tech - R6112,Surgery Tech - Days,R6112212,Surgery,logan.merriweather112@example.com,+1 317-555-2112,,McCordsville,IN,46055,
"Thornbury, Peyton",Medical Asst - R6113,Medical Asst - Days,R6113213,Primary Care,peyton.thornbury113@example.com,+1 317-555-2113,8320 Walnut Ln,Shelbyville,IN,46176,35.2
"Carrow, Sawyer",,Medical Receptionist - Days,R6114214,Primary Care,sawyer.carrow114@example.com,+1 317-555-2114,1148 Walnut Ave,McCordsville,IN,46055,16.8
"Jessup, Blake",,Medical Asst - Days,R6115215,Primary Care,blake.jessup115@example.com,+1 317-555-2115,6149 Cedar Ln,Shelbyville,IN,46176,21.7
"Quimby, Cameron",,Housekeeper - Days,R6116216,Environmental Services,cameron.quimby116@example.com,+1 317-555-2116,,Indianapolis,IN,46229,
"Yardley, Drew",Resp Therapist - R6117,Resp Therapist - Days,R6117217,Respiratory,drew.yardley117@example.com,+1 317-555-2117,897 Maple Ave,Greenfield,IN,46140,25
"Garrity, Elliot",,Medical Receptionist - Days,R6118218,Primary Care,elliot.garrity118@example.com,+1 317-555-2118,4337 Cedar Ln,Fortville,IN,46040,42.7
"Northcott, Finley",,Staff Nurse RN - Days,R6119219,Nursing,finley.northcott119@example.com,+1 317-555-2119,9594 Walnut Ln,New Palestine,IN,46163,11.9
"Bellamy, Avery",,Staff Nurse RN - Days,R6120220,Nursing,avery.bellamy120@example.com,+1 317-555-2120,,McCordsville,IN,46055,
"Iverson, Jordan",Medical Asst - R6121,Medical Asst - Days,R6121221,Primary Care,jordan.iverson121@example.com,+1 317-555-2121,6325 Birch Ct,New Palestine,IN,46163,41.2
"Pembrook, Riley",,Housekeeper - Days,R6122222,Environmental Services,riley.pembrook122@example.com,+1 317-555-2122,1816 Birch Ct,Fortville,IN,46040,25.6
"Whitlock, Casey",Housekeeper - R6123,Housekeeper - Days,R6123223,Environmental Services,casey.whitlock123@example.com,+1 317-555-2123,6783 Birch St,Indianapolis,IN,46229,26.1
"Fairbanks, Morgan",,Surgery Tech - Days,R6124224,Surgery,morgan.fairbanks124@example.com,+1 317-555-2124,,Indianapolis,IN,46229,
"Oakley, Quinn",,Medical Asst - Evenings,R6102202,Respiratory,quinn.oakley102@example.com,+1 317-555-2102,8457 Cedar Ave,Greenfield,IN,46140,21.5