Employee Number,"Employee Name (Last Suffix, First MI)",Address Line 1 + Address Line 2,"City, State Zip Code (Formatted)",E-mail Address,Home Phone (Formatted),Hire Date,Term Date,Termination Reason,Employment Status,Organization,Division,Department,Job Class,Distance (Miles),Salary Range
5000,"Ashford, Avery",1049 Maple Ln,"McCordsville, IN 46055",avery.ashford0@example.com,(317) 555-1000,11/1/2018,,,Active,Example Regional Health,Support Services,Nursing,Staff Nurse RN,18,60k-80k
5001,"Holloway, Jordan",1380 Oak Ave,"Greenfield, IN 46140",jordan.holloway1@example.com,(317) 555-1001,3/30/2023,,,Active,Example Regional Health,Support Services,Nursing,Staff Nurse RN,31.2,60k-80k
5002,"Oakley, Riley",5184 Birch Ct,"McCordsville, IN 46055",riley.oakley2@example.com,(317) 555-1002,1/8/2025,,,Active,Example Regional Health,Support Services,Environmental Services,Housekeeper,30.2,50k-60k
5003,"Vance, Casey",2931 Walnut St,"Greenfield, IN 46140",casey.vance3@example.com,(317) 555-1003,5/25/2024,,,Active,Example Regional Health,Support Services,Surgery,Surgery Tech,37,60k-80k
5004,"Ellison, Morgan",7593 Birch Ct,"Shelbyville, IN 46176",morgan.ellison4@example.com,(317) 555-1004,9/15/2018,,,Active,Example Regional Health,Support Services,Primary Care,Medical Asst,7.1,60k-80k
5005,"Lockhart, Taylor",858 Maple Ave,"McCordsville, IN 46055",taylor.lockhart5@example.com,(317) 555-1005,10/15/2021,,,Active,Example Regional Health,Clinical Operations,Nursing,Staff Nurse RN,22.8,40k-50k
5006,"Stanwick, Quinn",8105 Walnut Ct,"Shelbyville, IN 46176",quinn.stanwick6@example.com,(317) 555-1006,12/3/2019,,,Active,Example Regional Health,Clinical Operations,Respiratory,Resp Therapist,40.1,50k-60k
5007,"Bellamy, Harper",373 Maple St,"McCordsville, IN 46055",harper.bellamy7@example.com,(317) 555-1007,4/26/2023,,,Active,Example Regional Health,Support Services,Primary Care,Medical Receptionist,4,50k-60k
5008,"Iverson, Rowan",1261 Walnut St,"Fortville, IN 46040",rowan.iverson8@example.com,(317) 555-1008,8/5/2022,,,Active,Example Regional Health,Support Services,Surgery,Surgery Tech,12.9,40k-50k
5009,"Pembrook, Emerson",5405 Birch Ave,"Fortville, IN 46040",emerson.pembrook9@example.com,(317) 555-1009,5/13/2026,,,Active,Example Regional Health,Clinical Operations,Nursing,Staff Nurse RN,34.1,60k-80k
5010,"Whitlock, Parker",9606 Walnut Ave,"Greenfield, IN 46140",parker.whitlock10@example.com,(317) 555-1010,8/30/2024,,,Active,Example Regional Health,Clinical Operations,Surgery,Surgery Tech,6.5,40k-50k
5011,"Fairbanks, Reese",8122 Cedar Ct,"Shelbyville, IN 46176",reese.fairbanks11@example.com,(317) 555-1011,8/9/2025,,,Active,Example Regional Health,Clinical Operations,Surgery,Surgery Tech,1.2,50k-60k
5012,"Merriweather, Skyler",5246 Birch Ave,"Greenfield, IN 46140",,,6/4/2021,,,Active,Example Regional Health,Clinical Operations,Surgery,Surgery Tech,16,60k-80k
5013,"Thornbury, Dakota",3621 Maple St,"McCordsville, IN 46055",dakota.thornbury13@example.com,(317) 555-1013,11/17/2025,,,Active,Example Regional Health,Clinical Operations,Nursing,Staff Nurse RN,27.5,60k-80k
5014,"Carrow, Hayden",5802 Birch St,"New Palestine, IN 46163",hayden.carrow14@example.com,(317) 555-1014,12/13/2022,,,Active,Example Regional Health,Support Services,Primary Care,Medical Asst,33.4,50k-60k
5015,"Jessup, Kendall",7994 Maple Ln,"Greenfield, IN 46140",kendall.jessup15@example.com,(317) 555-1015,4/7/2025,,,Active,Example Regional Health,Clinical Operations,Nursing,Staff Nurse RN,2.2,50k-60k
5016,"Quimby, Logan",2687 Oak Ct,"Greenfield, IN 46140",logan.quimby16@example.com,(317) 555-1016,4/21/2023,,,Active,Example Regional Health,Clinical Operations,Primary Care,Medical Receptionist,13,40k-50k
5017,"Yardley, Peyton",7812 Maple St,"Indianapolis, IN 46229",peyton.yardley17@example.com,(317) 555-1017,4/17/2024,,,Active,Example Regional Health,Support Services,Nursing,Staff Nurse RN,37.5,50k-60k
5018,"Garrity, Sawyer",6440 Maple Ave,"McCordsville, IN 46055",sawyer.garrity18@example.com,(317) 555-1018,5/8/2024,,,Active,Example Regional Health,Support Services,Surgery,Surgery Tech,26,40k-50k
5019,"Northcott, Blake",3452 Maple Ln,"New Palestine, IN 46163",blake.northcott19@example.com,(317) 555-1019,10/16/2023,,,Active,Example Regional Health,Clinical Operations,Primary Care,Medical Asst,41.8,40k-50k
5020,"Underhill, Cameron",5601 Maple Ave,"McCordsville, IN 46055",cameron.underhill20@example.com,(317) 555-1020,8/9/2024,,,Active,Example Regional Health,Support Services,Respiratory,Resp Therapist,30.6,40k-50k
5021,"Dunmore, Drew",1596 Walnut Ave,"Fortville, IN 46040",drew.dunmore21@example.com,(317) 555-1021,4/22/2023,,,Active,Example Regional Health,Support Services,Respiratory,Resp Therapist,37.2,50k-60k
5022,"Kingsley, Elliot",6463 Oak Ct,"Greenfield, IN 46140",elliot.kingsley22@example.com,(317) 555-1022,9/1/2019,,,Active,Example Regional Health,Clinical Operations,Surgery,Surgery Tech,23.8,60k-80k
5023,"Rutherford, Finley",3703 Oak St,"Indianapolis, IN 46229",finley.rutherford23@example.com,(317) 555-1023,6/11/2023,,,Active,Example Regional Health,Support Services,Primary Care,Medical Receptionist,17.3,40k-50k
5024,"Fairbanks, Avery",333 Cedar Ave,"Fortville, IN 46040",avery.fairbanks24@example.com,(317) 555-1024,6/20/2025,,,Active,Example Regional Health,Clinical Operations,Surgery,Surgery Tech,8.7,50k-60k
5025,"Merriweather, Jordan",625 Walnut St,"McCordsville, IN 46055",jordan.merriweather25@example.com,(317) 555-1025,6/6/2026,,,Active,Example Regional Health,Clinical Operations,Primary Care,Medical Receptionist,27.2,60k-80k
5026,"Thornbury, Riley",1398 Birch Ct,"Shelbyville, IN 46176",riley.thornbury26@example.com,(317) 555-1026,7/31/2021,,,Active,Example Regional Health,Clinical Operations,Environmental Services,Housekeeper,8.8,50k-60k
5027,"Carrow, Casey",5708 Maple Ave,"McCordsville, IN 46055",casey.carrow27@example.com,(317) 555-1027,10/16/2019,,,Active,Example Regional Health,Support Services,Nursing,Staff Nurse RN,11.6,60k-80k
5028,"Jessup, Morgan",7996 Walnut Ave,"McCordsville, IN 46055",morgan.jessup28@example.com,(317) 555-1028,1/14/2023,,,Active,Example Regional Health,Clinical Operations,Respiratory,Resp Therapist,25.2,60k-80k
5029,"Quimby, Taylor",2082 Walnut St,"Greenfield, IN 46140",taylor.quimby29@example.com,(317) 555-1029,3/30/2023,,,Active,Example Regional Health,Support Services,Primary Care,Medical Asst,29.7,50k-60k
5030,"Yardley, Quinn",9832 Birch Ln,"McCordsville, IN 46055",quinn.yardley30@example.com,(317) 555-1030,2/7/2019,,,Active,Example Regional Health,Support Services,Nursing,Staff Nurse RN,25.3,60k-80k
5031,"Garrity, Harper",4859 Maple Ave,"New Palestine, IN 46163",harper.garrity31@example.com,(317) 555-1031,2/13/2026,,,Active,Example Regional Health,Support Services,Environmental Services,Housekeeper,4.5,60k-80k
5032,"Northcott, Rowan",4235 Birch Ct,"Indianapolis, IN 46229",rowan.northcott32@example.com,(317) 555-1032,6/23/2024,,,Active,Example Regional Health,Support Services,Primary Care,Medical Asst,38.8,40k-50k
5033,"Underhill, Emerson",8433 Birch St,"McCordsville, IN 46055",emerson.underhill33@example.com,(317) 555-1033,8/28/2020,,,Active,Example Regional Health,Support Services,Respiratory,Resp Therapist,8.6,40k-50k
5034,"Dunmore, Parker",6077 Oak Ave,"Indianapolis, IN 46229",parker.dunmore34@example.com,(317) 555-1034,5/19/2023,,,Active,Example Regional Health,Clinical Operations,Primary Care,Medical Receptionist,13.9,50k-60k
5035,"Kingsley, Reese",4880 Oak Ln,"Fortville, IN 46040",reese.kingsley35@example.com,(317) 555-1035,11/16/2022,,,Active,Example Regional Health,Support Services,Respiratory,Resp Therapist,42.3,50k-60k
5036,"Rutherford, Skyler",5195 Cedar St,"Fortville, IN 46040",skyler.rutherford36@example.com,(317) 555-1036,9/6/2022,,,Active,Example Regional Health,Support Services,Environmental Services,Housekeeper,20.9,40k-50k
5037,"Ashford, Dakota",4122 Cedar Ln,"McCordsville, IN 46055",dakota.ashford37@example.com,(317) 555-1037,12/26/2023,,,Active,Example Regional Health,Clinical Operations,Environmental Services,Housekeeper,17.1,50k-60k
5038,"Holloway, Hayden",2818 Cedar Ct,"McCordsville, IN 46055",hayden.holloway38@example.com,(317) 555-1038,7/29/2025,,,Active,Example Regional Health,Support Services,Surgery,Surgery Tech,8.7,60k-80k
5039,"Oakley, Kendall",7037 Walnut Ln,"Shelbyville, IN 46176",kendall.oakley39@example.com,(317) 555-1039,2/20/2020,,,Active,Example Regional Health,Clinical Operations,Primary Care,Medical Asst,39.7,60k-80k
5040,"Vance, Logan",8789 Cedar St,"Shelbyville, IN 46176",logan.vance40@example.com,(317) 555-1040,7/15/2025,8/28/2026,Another Job,Terminated,Example Regional Health,Support Services,Primary Care,Medical Asst,7.8,40k-50k
5041,"Ellison, Peyton",6442 Maple Ln,"McCordsville, IN 46055",peyton.ellison41@example.com,(317) 555-1041,11/5/2018,6/2/2026,Family Obligation,Terminated,Example Regional Health,Support Services,Nursing,Staff Nurse RN,25.1,60k-80k
5042,"Lockhart, Sawyer",7889 Cedar Ave,"Shelbyville, IN 46176",sawyer.lockhart42@example.com,(317) 555-1042,12/19/2019,3/31/2026,Another Job,Terminated,Example Regional Health,Support Services,Primary Care,Medical Asst,3,40k-50k
5043,"Stanwick, Blake",698 Birch Ave,"McCordsville, IN 46055",blake.stanwick43@example.com,(317) 555-1043,10/2/2021,9/16/2026,Personal Reasons,Terminated,Example Regional Health,Clinical Operations,Primary Care,Medical Receptionist,35.2,60k-80k
5044,"Bellamy, Cameron",3166 Birch St,"New Palestine, IN 46163",cameron.bellamy44@example.com,(317) 555-1044,8/5/2024,2/26/2026,Personal Reasons,Terminated,Example Regional Health,Support Services,Nursing,Staff Nurse RN,9.5,60k-80k
5045,"Iverson, Drew",4211 Oak St,"New Palestine, IN 46163",drew.iverson45@example.com,(317) 555-1045,1/15/2021,7/14/2026,Personal Reasons,Terminated,Example Regional Health,Clinical Operations,Nursing,Staff Nurse RN,4,60k-80k
5046,"Pembrook, Elliot",9516 Walnut St,"Fortville, IN 46040",elliot.pembrook46@example.com,(317) 555-1046,5/13/2021,5/15/2026,Personal Reasons,Terminated,Example Regional Health,Clinical Operations,Primary Care,Medical Receptionist,23,40k-50k
5047,"Whitlock, Finley",7767 Maple St,"Shelbyville, IN 46176",finley.whitlock47@example.com,(317) 555-1047,3/23/2021,2/8/2026,Family Obligation,Terminated,Example Regional Health,Clinical Operations,Primary Care,Medical Receptionist,26.5,40k-50k
5999,"Vance, Casey",2931 Walnut St,"Greenfield, IN 46140",casey.vance3@example.com,(317) 555-1003,5/25/2024,,,Active,Example Regional Health,Support Services,Surgery,Surgery Tech,37,60k-80k